https://portal.uea.ac.uk,"[['portal', 'uea']]"
https://portal.uea.ac.uk/learning-and-teaching/students/forms,"[['forms', 'uea'], []]"
https://portal.uea.ac.uk/estates/working-on-campus/post-portering,"[['post', 'and', 'portering', 'uea']]"
https://portal.uea.ac.uk/estates/help-centre,"[['estates', 'help', 'centre', 'uea']]"
https://portal.uea.ac.uk/learning-and-teaching/staff/teaching,"[['teaching', 'uea']]"
https://portal.uea.ac.uk/learning-and-teaching/students/advice-on-difficulties,"[['advice', 'on', 'difficulties', 'uea']]"
https://portal.uea.ac.uk/learning-and-teaching/staff/teaching/active-learning-environments,"[['active', 'learning', 'environments', 'uea']]"
https://portal.uea.ac.uk/postgraduate-research,"[['postgraduate', 'research', 'uea']]"
https://portal.uea.ac.uk/uss,"[['university', 'safety', 'services', 'uea']]"
https://portal.uea.ac.uk/learning-and-teaching,"[['learning', 'and', 'teaching', 'service', 'uea']]"
https://portal.uea.ac.uk/faculty-school-intranets,"[['faculty', 'and', 'school', 'intranets', 'uea']]"
https://portal.uea.ac.uk/estates/security,"[['access', 'and', 'security', 'uea']]"
https://portal.uea.ac.uk/estates/living-on-campus/cleaning,"[['accommodation', 'cleaning', 'uea']]"
https://portal.uea.ac.uk/faculty-school-intranets/sci-intranet,"[['faculty', 'of', 'science', 'intranet', 'uea']]"
https://portal.uea.ac.uk/dos,"[['student', 'support', 'service', 'uea']]"
https://portal.uea.ac.uk/csed,"[['csed', 'uea']]"
https://portal.uea.ac.uk/student-support-service,"[['student', 'support', 'service', 'uea']]"
https://portal.uea.ac.uk/student-support-service/learning-enhancement,"[['learning', 'enhancement', 'uea']]"
https://portal.uea.ac.uk/student-support-service/contact-us,"[['contact', 'us', 'uea']]"
https://portal.uea.ac.uk/learning-and-teaching/hubs,"[['hubs', 'and', 'other', 'offices', 'uea']]"
https://portal.uea.ac.uk/committee-office/almanac,"[['almanac', 'uea']]"
https://portal.uea.ac.uk/help-centre/getting-around-campus,"[['getting', 'around', 'campus', 'uea']]"
https://portal.uea.ac.uk/staff-mobility,"[['staff', 'mobility', 'uea']]"
https://portal.uea.ac.uk/student-support-service/learning-enhancement/writers-groups,"[['writers', 'groups', 'uea']]"
https://portal.uea.ac.uk/committee-office/archived-committee-minutes-and-documents,"[['archived', 'committee', 'minutes', 'and', 'documents', 'uea']]"
https://portal.uea.ac.uk/faculty-school-intranets/sci-intranet/facilities,"[['science', 'facilities', 'uea']]"
https://portal.uea.ac.uk/staff-mobility/staff-mobility-application,"[['staff', 'mobility', 'application', 'uea']]"
https://portal.uea.ac.uk/vco,"[['vice', 'chancellors', 'office', 'uea']]"
https://portal.uea.ac.uk/postgraduate-research/who-does-what/contact-details,"[['pgr', 'service', 'contact', 'details', 'uea']]"
https://portal.uea.ac.uk/committee-office/almanac/almanac-amendments,"[['almanac', 'amendments', 'uea']]"
https://portal.uea.ac.uk/committee-office/university-policies,"[['university', 'policies', 'uea']]"
https://portal.uea.ac.uk/csed/resources/acronyms,"[['acronyms', 'uea']]"
https://portal.uea.ac.uk/postgraduate-research/pres-postgraduate-research-experience-survey,"[['pres', 'uea']]"
https://portal.uea.ac.uk/postgraduate-research/annual-progress-review,"[['pgr', 'annual', 'progress', 'and', 'probationary', 'review', 'uea']]"
https://portal.uea.ac.uk/postgraduate-research/appeals-complaints,"[['pgr', 'appeals', 'and', 'complaints', 'uea']]"
https://portal.uea.ac.uk/information-services,"[['information', 'services', 'uea']]"
https://portal.uea.ac.uk/postgraduate-research/who-does-what/academic-pgr-contact-details,"[['academic', 'pgr', 'contact', 'details', 'uea']]"
https://portal.uea.ac.uk/postgraduate-research/examinations,"[['pgr', 'examinations', 'uea']]"
https://portal.uea.ac.uk/learning-and-teaching/hubs/aso-and-aqo,"[['academic', 'services', 'office', 'and', 'assessments', 'quality', 'office', 'uea']]"
https://portal.uea.ac.uk/postgraduate-research/pres-postgraduate-research-experience-survey/pres-2013,"[['pres', 'uea']]"
https://portal.uea.ac.uk/learning-and-teaching/students/advice-on-difficulties/plagiarism-and-collusion,"[['plagiarism', 'and', 'collusion', 'uea']]"
https://portal.uea.ac.uk/postgraduate-research/pgr-applicants,"[['postgraduate', 'research', 'degrees', 'masters', 'study', 'options', 'uea']]"
https://portal.uea.ac.uk/learning-and-teaching/programme-specifications,"[['programme', 'specifications', 'uea']]"
https://portal.uea.ac.uk/learning-and-teaching/staff/assessment,"[['assessment', 'uea']]"
https://portal.uea.ac.uk/staff-mobility/teaching-staff-mobility,"[['teaching', 'staff', 'mobility', 'uea']]"
https://portal.uea.ac.uk/learning-technology,"[['learning', 'technology', 'uea']]"
https://portal.uea.ac.uk/procurement,"[['procurement', 'uea']]"
https://portal.uea.ac.uk/learning-and-teaching/programme-specifications/env,"[['environmental', 'sciences', 'uea']]"
https://portal.uea.ac.uk/learning-and-teaching/staff/assessment/plagiarism,"[['plagiarism', 'and', 'collusion', 'uea']]"
https://portal.uea.ac.uk/student-support-service/wellbeing/uea-medical-and-dental-practice,"[['uea', 'medical', 'and', 'dental', 'practice', 'uea']]"
https://portal.uea.ac.uk/estates/access-and-security/campus-safety/personal-safety,"[['personal', 'safety', 'uea']]"
https://portal.uea.ac.uk/estates/post-and-portering/requesting-portering,"[['requesting', 'portering', 'uea']]"
https://portal.uea.ac.uk/people,"[['people', 'the', 'hub', 'uea']]"
https://portal.uea.ac.uk/committee-office/semester-dates,"[['semester', 'dates', 'uea']]"
https://portal.uea.ac.uk/csed/e-learning,"[['e', 'learning', 'mandatory', 'training', 'uea']]"
https://portal.uea.ac.uk/library,"[['library', 'uea']]"
https://portal.uea.ac.uk/arm/campus-news/student/-/asset_publisher/BmCeiEPqxXUM/content/further-uea-success-in-world-subject-rankings,"[['student', 'news', 'uea']]"
https://portal.uea.ac.uk/estates/improving-your-campus/buildings-and-projects,"[['in', 'the', 'pipeline', 'uea']]"
https://portal.uea.ac.uk/learning-and-teaching/staff/assessment/exams,"[['examinations', 'uea']]"
https://portal.uea.ac.uk/learning-and-teaching/documents/,"[['documents', 'uea']]"
https://portal.uea.ac.uk/people/profile/list/all/o,"[['people', 'the', 'hub', 'uea']]"
https://portal.uea.ac.uk/library/borrowing,"[['borrowing', 'uea']]"
https://portal.uea.ac.uk/faculty-school-intranets/sci-intranet/school-specific,"[['school', 'intranets', 'uea']]"
https://portal.uea.ac.uk/learning-and-teaching/programme-specifications/bio,"[['biology', 'uea']]"
https://portal.uea.ac.uk/library/news,"[['news', 'uea']]"
https://portal.uea.ac.uk/web/hub/academic-calendar/general-regulations,"[['general', 'regulations', 'uea']]"
https://portal.uea.ac.uk/library/study-space,"[['study', 'space', 'uea']]"
https://portal.uea.ac.uk/learning-and-teaching/students/advice-on-difficulties/appeals-complaints-and-discipline,"[['appeals', 'complaints', 'and', 'discipline', 'uea']]"
https://portal.uea.ac.uk/estates/maintenance,"[['maintenance', 'uea']]"
https://portal.uea.ac.uk/library/resources,"[['resources', 'uea']]"
https://portal.uea.ac.uk/people/profile/list/all/oo/3,"[['people', 'the', 'hub', 'uea']]"
https://portal.uea.ac.uk/estates/building-management/heating-in-residences-faq,"[['residence', 'heating', 'guide', 'uea']]"
https://portal.uea.ac.uk/csed/staff-networks/dignity-and-respect-in-the-workplace,"[['dignity', 'and', 'respect', 'in', 'the', 'workplace', 'uea']]"
https://portal.uea.ac.uk/arm/uea-vision,"[['our', 'vision', 'for', 'success', 'in', 'uea']]"
https://portal.uea.ac.uk/disclosure,"[['student', 'disclosure', 'service', 'uea']]"
https://portal.uea.ac.uk/estates/access-and-security/keeping-accommodation-secure,"[['living', 'in', 'residences', 'uea']]"
https://portal.uea.ac.uk/estates/waste-recycling-management,"[['waste', 'and', 'recycling', 'management', 'uea']]"
https://portal.uea.ac.uk/learning-and-teaching/staff/assessment/exams/concessions,"[['concessions', 'and', 'reassessment', 'uea']]"
https://portal.uea.ac.uk/estates/living-on-campus/post,"[['post', 'and', 'parcels', 'uea']]"
https://portal.uea.ac.uk/arm/the-uea-plan,"[['the', 'uea', 'plan', 'uea']]"
https://portal.uea.ac.uk/learning-technology/centre-for-technology-enhanced-learning,"[['training', 'sessions', 'uea']]"
https://portal.uea.ac.uk/estates/help-centre/latest-news/-/asset_publisher/4y6W3ljN9SEH/blog/residence-heating-guide-wolfson-orwell-close,"[['residence', 'heating', 'guide', 'wolfson', 'orwell', 'close', 'latest', 'news', 'uea']]"
https://portal.uea.ac.uk/learning-and-teaching/staff/teaching/learning-teaching-day,"[['learning', 'and', 'teaching', 'days', 'uea']]"
https://portal.uea.ac.uk/people/profile/list/all/s,"[['people', 'the', 'hub', 'uea']]"
https://portal.uea.ac.uk/learning-and-teaching/staff/teaching/recognition/,"[['recognition', 'of', 'teaching', 'uea']]"
https://portal.uea.ac.uk/student-support-service/general-advice-service,"[['general', 'advice', 'service', 'uea']]"
https://portal.uea.ac.uk/en_US/staff-mobility,"[['staff', 'mobility', 'uea']]"
https://portal.uea.ac.uk/en/learning-and-teaching,"[['learning', 'and', 'teaching', 'service', 'uea']]"
https://portal.uea.ac.uk/postgraduate-research/who-does-what,"[['pgr', 'service', 'who', 'does', 'what', 'uea']]"
https://portal.uea.ac.uk/buyers-guide/stationery-office-supplies-services,"[['sign', 'in']]"
https://portal.uea.ac.uk/people/profile/list/all/ss/16,"[['people', 'the', 'hub', 'uea']]"
https://portal.uea.ac.uk/library/study-space/lockers,"[['lockers', 'uea']]"
https://portal.uea.ac.uk/people/profile/list/all/p,"[['people', 'the', 'hub', 'uea']]"
https://portal.uea.ac.uk/arm/campus-news/staff/-/asset_publisher/laSuIoUOT0Ti/content/message-from-vice-chancellor-regarding-pension-scheme,"[['staff', 'news', 'uea']]"
https://portal.uea.ac.uk/learning-and-teaching/faq,"[['faqs', 'uea']]"
https://portal.uea.ac.uk/people/profile/list/all/ss/26,"[['people', 'the', 'hub', 'uea']]"
https://portal.uea.ac.uk/learning-and-teaching/students/advice-on-difficulties/intercalation-and-withdrawal,"[['interruption', 'to', 'period', 'of', 'study', 'and', 'withdrawal', 'uea']]"
https://portal.uea.ac.uk/estates/access-and-security/campus-safety/property-safety,"[['property', 'safety', 'uea']]"
https://portal.uea.ac.uk/csed/qualifications,"[['qualifications', 'uea']]"
https://portal.uea.ac.uk/student-support-service/learning-enhancement/study-resources,"[['study', 'resources', 'uea']]"
https://portal.uea.ac.uk/into-restaurant-and-cafe,"[['into', 'restaurant', 'and', 'cafe', 'uea']]"
https://portal.uea.ac.uk/estates/improving-your-campus,"[['projects', 'and', 'estate', 'development', 'uea']]"
https://portal.uea.ac.uk/learning-and-teaching/hubs/elizabeth-fry-hub,"[['elizabeth', 'fry', 'hub', 'uea']]"
https://portal.uea.ac.uk/student-support-service/learning-enhancement/appointments,"[['tutorials', 'uea']]"
https://portal.uea.ac.uk/learning-technology/digital-signage,"[['digital', 'signage', 'uea']]"
https://portal.uea.ac.uk/library/contact-us,"[['contact', 'us', 'uea']]"
https://portal.uea.ac.uk/procurement/purchase-card-procedure,"[['purchase', 'card', 'procedure', 'uea']]"
https://portal.uea.ac.uk/learning-and-teaching/staff/new-staff,"[['information', 'for', 'new', 'staff', 'uea']]"
https://portal.uea.ac.uk/learning-and-teaching/students/awards,"[['getting', 'your', 'award', 'uea']]"
https://portal.uea.ac.uk/student-support-service/learning-enhancement/pal,"[['pal', 'peer', 'assisted', 'learning', 'uea']]"
https://portal.uea.ac.uk/student-support-service/learning-enhancement/elsp,"[['english', 'language', 'support', 'programme', 'uea']]"
http://portal.uea.ac.uk/learning-and-teaching/docs/assessment,"[['assessments', 'uea']]"
https://portal.uea.ac.uk/information-services/strategy-planning-and-compliance/information-regulations-and-policies/training,"[['training', 'and', 'resources', 'uea']]"
https://portal.uea.ac.uk/learning-and-teaching/staff/teaching/innovation,"[['innovation', 'in', 'teaching', 'and', 'learning', 'uea']]"
https://portal.uea.ac.uk/library/study-space/copy-print-bind,"[['photocopying', 'printing', 'and', 'binding', 'uea']]"
https://portal.uea.ac.uk/committee-office/uea-calendar,"[['uea', 'calendar', 'uea']]"
https://portal.uea.ac.uk/learning-and-teaching/staff/teaching/resources,"[['resources', 'for', 'assessment', 'uea']]"
https://portal.uea.ac.uk/learning-technology/help/digital-signage,"[['digital', 'signage', 'uea']]"
https://portal.uea.ac.uk/people/profile/list/all/h,"[['people', 'the', 'hub', 'uea']]"
https://portal.uea.ac.uk/people/profile/list/all/i,"[['people', 'the', 'hub', 'uea']]"
https://portal.uea.ac.uk/learning-and-teaching/programme-specifications/ama,"[['art', 'american', 'studies', 'film', 'television', 'media', 'uea']]"
https://portal.uea.ac.uk/csed/staff-networks/dignity-and-respect-in-the-workplace/useful-links,"[['useful', 'links', 'uea']]"
https://portal.uea.ac.uk/dos/finance,"[['finance', 'uea']]"
https://portal.uea.ac.uk/student-support-service/learning-enhancement/writers-groups/writers-group-timetable,"[['weekly', 'writers', 'groups', 'uea']]"
https://portal.uea.ac.uk/arm/campus-news,"[['campus', 'news', 'uea']]"
https://portal.uea.ac.uk/people/profile/list/all/ss/10,"[['people', 'the', 'hub', 'uea']]"
https://portal.uea.ac.uk/arm/the-uea-plan-2016-20/our-strategy-and-actions,"[['our', 'strategy', 'and', 'actions', 'uea']]"
https://portal.uea.ac.uk/estates/access-and-security/campus-safety/emergency-text-service,"[['emergency', 'text', 'service', 'uea']]"
https://portal.uea.ac.uk/learning-and-teaching/students/exams,"[['exams', 'uea', 'uea']]"
https://portal.uea.ac.uk/learning-and-teaching/programme-specifications/pha,"[['pharmacy', 'uea']]"
https://portal.uea.ac.uk/uss/intranet,"[['safety', 'services', 'intranet', 'uea']]"
https://portal.uea.ac.uk/csed/csed-programme-2017-18,"[['csed', 'programme', 'uea']]"
https://portal.uea.ac.uk/learning-and-teaching/docs/regulations-awards,"[['course', 'regulations', 'and', 'awards', 'uea']]"
https://portal.uea.ac.uk/estates/living-on-campus/new-student-faqs,"[['new', 'student', 'faqs', 'uea']]"
https://portal.uea.ac.uk/en/finance,"[['finance', 'uea']]"
https://portal.uea.ac.uk/library/access,"[['accessing', 'the', 'library', 'uea']]"
https://portal.uea.ac.uk/learning-technology/digital-signage/digital-signage-editors,"[['digital', 'signage', 'editors', 'uea']]"
https://portal.uea.ac.uk/estates/help-centre/latest-news,"[['latest', 'news', 'uea']]"
https://portal.uea.ac.uk/en/academic-calendar,"[['academic', 'calendar', 'uea']]"
https://portal.uea.ac.uk/en/home/business-intelligence-unit,"[['business', 'intelligence', 'unit', 'uea']]"
https://portal.uea.ac.uk/csed/coaching,"[['uea', 'coaching', 'scheme', 'uea']]"
https://portal.uea.ac.uk/uss/intranet/personnel,"[['uea', 'safety', 'personnel', 'uea']]"
https://portal.uea.ac.uk/estates/building-design-guide,"[['uea', 'building', 'design', 'guide', 'uea']]"
http://portal.uea.ac.uk/postgraduate-research/who-does-what/contact-details,"[['pgr', 'service', 'contact', 'details', 'uea']]"
https://portal.uea.ac.uk/en/resnet,"[['resnet', 'uea']]"
https://portal.uea.ac.uk/en/academic-calendar/other-info,"[['other', 'useful', 'information', 'uea']]"
https://portal.uea.ac.uk/uss/intranet/safety-subjects/display,"[['display', 'screen', 'equipment', 'uea']]"
https://portal.uea.ac.uk/learning-and-teaching/programme-specifications/hsc,"[['health', 'sciences', 'uea']]"
https://portal.uea.ac.uk/uss/intranet/policies,"[['uea', 'health', 'safety', 'policies', 'and', 'rules', 'uea']]"
https://portal.uea.ac.uk/en/finance/auto-enrolment,"[['auto', 'enrolment', 'uea']]"
https://portal.uea.ac.uk/learning-technology/assessment,"[['assessment', 'uea']]"
http://portal.uea.ac.uk/dos/learning-enhancement/study-resources/plagiarism/uea-policy,"[['plagiarism', 'policy', 'at', 'uea', 'uea']]"
https://portal.uea.ac.uk/csed/rs-connect,"[['rs', 'connect', 'uea']]"
https://portal.uea.ac.uk/student-support-service/money-matters/budgeting,"[['money', 'management', 'and', 'debt', 'issues', 'uea']]"
https://portal.uea.ac.uk/en/finance/auto-enrolment/faqs,"[['auto', 'enrolment', 'faqs', 'uea']]"
https://portal.uea.ac.uk/learning-and-teaching/programme-specifications/psy,"[['psychology', 'uea']]"
https://portal.uea.ac.uk/learning-technology/blackboard,"[['blackboard', 'uea']]"
https://portal.uea.ac.uk/people/profile/list/all/hh/15,"[['people', 'the', 'hub', 'uea']]"
https://portal.uea.ac.uk/estates/building-design-guide/part-11,"[['part', 'ict', 'and', 'telephone', 'systems', 'uea']]"
https://portal.uea.ac.uk/library/borrowing/accounts,"[['check', 'your', 'account', 'and', 'renew', 'uea']]"
https://portal.uea.ac.uk/library/study-space/bookable,"[['bookable', 'study', 'rooms', 'uea']]"
https://portal.uea.ac.uk/uss/intranet/safety-subjects/risk-assessment,"[['risk', 'assessment', 'uea']]"
https://portal.uea.ac.uk/library/floor-guide,"[['floor', 'guide', 'and', 'plans', 'uea']]"
https://portal.uea.ac.uk/procurement/buyers-guide,"[['buyers', 'guide', 'uea']]"
https://portal.uea.ac.uk/uss/intranet/safety-subjects/electrical,"[['electrical', 'safety', 'uea']]"
https://portal.uea.ac.uk/people/profile/list/all/k,"[['people', 'the', 'hub', 'uea']]"
https://portal.uea.ac.uk/en/search,"[['search', 'uea', 'uea']]"
https://portal.uea.ac.uk/arm/campus-news/internal-communications/school-ebulletins,"[['school', 'e', 'bulletins', 'uea']]"
https://portal.uea.ac.uk/en/faculty-school-intranets,"[['faculty', 'and', 'school', 'intranets', 'uea']]"
https://portal.uea.ac.uk/people/profile/list/all/ii/2,"[['people', 'the', 'hub', 'uea']]"
https://portal.uea.ac.uk/en/planningoffice/sro,"[['student', 'records', 'office', 'uea']]"
https://portal.uea.ac.uk/student-support-service/learning-enhancement/study-resources/plagiarism,"[['referencing', 'and', 'plagiarism', 'awareness', 'uea']]"
https://portal.uea.ac.uk/people/profile/list/all/u,"[['people', 'the', 'hub', 'uea']]"
https://portal.uea.ac.uk/itservices/access,"[['it', 'account', 'uea']]"
https://portal.uea.ac.uk/library/collections/donation-policy,"[['donation', 'policy', 'uea']]"
https://portal.uea.ac.uk/en/planningoffice/biu/graduate-destinations,"[['uea', 'graduate', 'destinations', 'uea']]"
https://portal.uea.ac.uk/uss/accident/,"[['accident', 'and', 'hazardous', 'incident', 'near', 'miss', 'reporting', 'site', 'uea']]"
https://portal.uea.ac.uk/committee-office/uea-orange-book,"[['uea', 'orange', 'book', 'uea']]"
https://portal.uea.ac.uk/web/hub/library/high-demand,"[['high', 'demand', 'collection', 'uea']]"
https://portal.uea.ac.uk/itservices/help/campus-cards,"[['campus', 'cards', 'uea']]"
https://portal.uea.ac.uk/postgraduate-research/postgraduate-research-personal-and-professional-development-module-catalogue,"[['ppd', 'online', 'directory', 'uea']]"
https://portal.uea.ac.uk/en/staff-mobility/teaching-staff-mobility,"[['teaching', 'staff', 'mobility', 'uea']]"
https://portal.uea.ac.uk/en/resnet/past-events,"[['past', 'events', 'uea']]"
https://portal.uea.ac.uk/csed/projects,"[['projects', 'uea']]"
https://portal.uea.ac.uk/csed/learning-and-teaching1,"[['learning', 'and', 'teaching', 'uea']]"
https://portal.uea.ac.uk/people/profile/list/all/y,"[['people', 'the', 'hub', 'uea']]"
https://portal.uea.ac.uk/people/profile/list/all/hh/21,"[['people', 'the', 'hub', 'uea']]"
https://portal.uea.ac.uk/estates/help-centre/latest-news/-/asset_publisher/4y6W3ljN9SEH/content/installation-of-powered-door-openers,"[['installation', 'of', 'powered', 'door', 'openers', 'latest', 'news', 'uea']]"
https://portal.uea.ac.uk/people/profile/list/all/a/14,"[['people', 'the', 'hub', 'uea']]"
https://portal.uea.ac.uk/postgraduate-research/pgr-regulations-and-forms,"[['pgr', 'regulations', 'forms', 'uea']]"
https://portal.uea.ac.uk/en/people,"[['people', 'the', 'hub', 'uea']]"
https://portal.uea.ac.uk/learning-and-teaching/staff/assessment/exams/marking,"[['marking', 'uea']]"
https://portal.uea.ac.uk/learning-and-teaching/staff/forms,"[['forms', 'uea']]"
https://portal.uea.ac.uk/learning-and-teaching/staff/assessment/exams/timetabling,"[['timetabling', 'of', 'exams', 'uea']]"
http://portal.uea.ac.uk/dos,"[['student', 'support', 'service', 'uea']]"
https://portal.uea.ac.uk/learning-technology/blackboard/information-for-staff,"[['information', 'for', 'staff', 'uea']]"
https://portal.uea.ac.uk/postgraduate-research/who-does-what/pgr-governance,"[['pgr', 'governance', 'structure', 'and', 'representation', 'uea']]"
https://portal.uea.ac.uk/partnerships-office,"[['partnerships', 'office', 'uea']]"
https://portal.uea.ac.uk/procurement/meet-the-team,"[['meet', 'the', 'procurement', 'team', 'uea']]"
https://portal.uea.ac.uk/estates/cleaning,"[['cleaning', 'uea']]"
https://portal.uea.ac.uk/itservices/help/print-copy-and-scan,"[['print', 'copy', 'and', 'scan', 'uea']]"
https://portal.uea.ac.uk/en/people/profile/list/all/a/2,"[['people', 'the', 'hub', 'uea']]"
https://portal.uea.ac.uk/library/access/visitors,"[['visitors', 'uea']]"
https://portal.uea.ac.uk/estates/campus-heating,"[['campus', 'heating', 'uea']]"
https://portal.uea.ac.uk/en/people/profile/list/all/aa/9,"[['people', 'the', 'hub', 'uea']]"
https://portal.uea.ac.uk/postgraduate-research/pres-postgraduate-research-experience-survey/pres-2015,"[['pres', 'uea']]"
https://portal.uea.ac.uk/learning-technology/help/camtasia,"[['camtasia', 'uea']]"
https://portal.uea.ac.uk/en/resnet/committee-members,"[['meet', 'the', 'committee', 'uea']]"
https://portal.uea.ac.uk/arm/alumni-conferences-and-events/conferences,"[['conferences', 'uea']]"
https://portal.uea.ac.uk/estates/building-design-guide/part-4,"[['part', 'hvac', 'systems', 'uea']]"
https://portal.uea.ac.uk/library/access/visitors/e-resources,"[['visitor', 'access', 'to', 'e', 'resources', 'uea']]"
https://portal.uea.ac.uk/arm/campus-news/events,"[['events', 'and', 'notices', 'uea']]"
https://portal.uea.ac.uk/estates/help-centre/maps,"[['useful', 'maps', 'uea']]"
https://portal.uea.ac.uk/learning-and-teaching/students/exams/the-day-of-your-exam,"[['the', 'day', 'of', 'your', 'exam', 'uea']]"
https://portal.uea.ac.uk/itservices/help/regulations,"[['strategy', 'planning', 'compliance', 'uea']]"
https://portal.uea.ac.uk/learning-and-teaching/students/coursework,"[['coursework', 'uea']]"
https://portal.uea.ac.uk/is/online-wiki-helpdesk/-/wiki/Main/Subscribe+to+your+personal+timetable,"[['subscribe', 'to', 'your', 'personal', 'timetable', 'online', 'wiki', 'helpdesk', 'uea']]"
https://portal.uea.ac.uk/people/profile/list/all/hh/11,"[['people', 'the', 'hub', 'uea']]"
https://portal.uea.ac.uk/en/people/profile/list/all/a/5,"[['people', 'the', 'hub', 'uea']]"
https://portal.uea.ac.uk/student-support-service/learning-enhancement/study-resources/academic-writing-study-skills,"[['academic', 'writing', 'and', 'study', 'skills', 'resources', 'uea']]"
https://portal.uea.ac.uk/uss/intranet/safety-subjects/fire/peep,"[['personal', 'emergency', 'evacuation', 'plans', 'uea']]"
https://portal.uea.ac.uk/learning-and-teaching/staff/teaching/teaching-fellowships,"[['university', 'teaching', 'fellowships', 'uea']]"
https://portal.uea.ac.uk/en/faculty-school-intranets/fmh-intranet,"[['faculty', 'of', 'medicine', 'and', 'health', 'sciences', 'intranet', 'uea']]"
https://portal.uea.ac.uk/learning-technology/help/online-reading-lists,"[['online', 'reading', 'lists', 'uea']]"
https://portal.uea.ac.uk/is/online-wiki-helpdesk/-/wiki/Main/orphan_pages,"[['online', 'wiki', 'helpdesk', 'uea']]"
https://portal.uea.ac.uk/procurement/suggestion-scheme,"[['suggestion', 'scheme', 'uea']]"
https://portal.uea.ac.uk/academic-calendar/,"[['academic', 'calendar', 'uea']]"
https://portal.uea.ac.uk/en/staff-mobility/erasmus-staff-mobility-funding,"[['erasmus', 'staff', 'mobility', 'funding', 'uea']]"
https://portal.uea.ac.uk/learning-and-teaching/docs/learning-and-teaching-strategies,"[['learning', 'and', 'teaching', 'strategies', 'uea']]"
https://portal.uea.ac.uk/arm/uea-vision/horizon-scanning,"[['horizon', 'scanning', 'uea']]"
https://portal.uea.ac.uk/en,"[['portal', 'uea']]"
https://portal.uea.ac.uk/en/people/profile/list/all/aa/13,"[['people', 'the', 'hub', 'uea']]"
https://portal.uea.ac.uk/en/planningoffice/biu/reporting-project,"[['reporting', 'project', 'uea']]"
https://portal.uea.ac.uk/people/profile/list/all/hh/16,"[['people', 'the', 'hub', 'uea']]"
https://portal.uea.ac.uk/library/study-space/binding,"[['binding', 'uea']]"
https://portal.uea.ac.uk/is/online-wiki-helpdesk/-/wiki/tag/phone,"[['online', 'wiki', 'helpdesk', 'uea']]"
https://portal.uea.ac.uk/planningoffice/biu/reporting/cant-find-it,"[['find', 'it', 'uea']]"
https://portal.uea.ac.uk/csed/resources/mindfulness-resources,"[['mindfulness', 'resources', 'uea']]"
https://portal.uea.ac.uk/people/profile/list/all/pp/13,"[['people', 'the', 'hub', 'uea']]"
http://portal.uea.ac.uk/dos/money-matters/hardship-funds/vice-chancellor,"[['vice', 'chancellor', 'loan', 'uea']]"
https://portal.uea.ac.uk/estates/building-design-guide/part-12,"[['part', 'signage', 'uea']]"
https://portal.uea.ac.uk/learning-and-teaching/staff/assessment/exams/,"[['examinations', 'uea']]"
https://portal.uea.ac.uk/learning-and-teaching/programme-specifications/ldc,"[['literature', 'drama', 'and', 'creative', 'writing', 'uea']]"
https://portal.uea.ac.uk/people/profile/list/all/a/9,"[['people', 'the', 'hub', 'uea']]"
https://portal.uea.ac.uk/people/profile/list/all/n,"[['people', 'the', 'hub', 'uea']]"
https://portal.uea.ac.uk/learning-technology/centre-for-technology-enhanced-learning/talis-tuesdays,"[['talis', 'tuesdays', 'uea']]"
http://portal.uea.ac.uk/planningoffice/sro/special-delivery-options,"[['special', 'delivery', 'options', 'uea']]"
https://portal.uea.ac.uk/estates/travel-and-transport,"[['travel', 'and', 'transport', 'uea']]"
https://portal.uea.ac.uk/library/clrc,"[['curriculum', 'and', 'learning', 'resources', 'collection', 'uea']]"
https://portal.uea.ac.uk/partnerships-office/handbooks,"[['handbooks', 'policies', 'and', 'forms', 'uea']]"
https://portal.uea.ac.uk/postgraduate-research/pgr-course-approval-and-amendments,"[['approval', 'of', 'new', 'research', 'degree', 'awards', 'or', 'changes', 'to', 'research', 'degree', 'programmes', 'uea']]"
https://portal.uea.ac.uk/postgraduate-research/who-does-what/dtps-and-cdts,"[['academic', 'leads', 'for', 'dtps', 'and', 'cdts', 'uea']]"
https://portal.uea.ac.uk/learning-and-teaching/programme-specifications/edu,"[['school', 'of', 'education', 'and', 'lifelong', 'learning', 'uea']]"
https://portal.uea.ac.uk/en/people/profile/list/all/aa/11,"[['people', 'the', 'hub', 'uea']]"
https://portal.uea.ac.uk/is/online-wiki-helpdesk/-/wiki/Main/eduroam+for+Wireless+Network+Connections+on+Windows+devices,"[['eduroam', 'for', 'wireless', 'network', 'connections', 'on', 'windows', 'devices', 'online', 'wiki', 'helpdesk', 'uea']]"
https://portal.uea.ac.uk/student-support-service/money-matters/hardship-funds,"[['hardship', 'funds', 'uea']]"
https://portal.uea.ac.uk/people/profile/list/all/a/3,"[['people', 'the', 'hub', 'uea']]"
https://portal.uea.ac.uk/en/resnet/women-of-the-future,"[['women', 'of', 'the', 'future', 'uea']]"
https://portal.uea.ac.uk/student-support-service/finance,"[['finance', 'uea']]"
https://portal.uea.ac.uk/postgraduate-research/graduate-schools,"[['graduate', 'schools', 'uea']]"
https://portal.uea.ac.uk/people/profile/list/all/uu/2,"[['people', 'the', 'hub', 'uea']]"
https://portal.uea.ac.uk/faculty-school-intranets/sci-intranet/facilities/stable-isotope-analysis,"[['stable', 'isotope', 'analysis', 'uea']]"
https://portal.uea.ac.uk/people/profile/list/all/aa/1,"[['people', 'the', 'hub', 'uea']]"
https://portal.uea.ac.uk/arm/operations-team-intranet,"[['operations', 'team', 'intranet', 'uea']]"
https://portal.uea.ac.uk/arm/marketing,"[['marketing', 'uea']]"
https://portal.uea.ac.uk/uss/accident/hazardous-incident-reporting-form,"[['hazardous', 'incident', 'reporting', 'form', 'uea']]"
https://portal.uea.ac.uk/en/library,"[['library', 'uea']]"
https://portal.uea.ac.uk/nursery,"[['nursery', 'uea']]"
https://portal.uea.ac.uk/faculty-school-intranets/sci-intranet/facilities/nrp,"[['nrp', 'virtual', 'technology', 'centre', 'uea']]"
https://portal.uea.ac.uk/disclosure/faqs,"[['faqs', 'documents', 'uea']]"
https://portal.uea.ac.uk/people/profile/list/all/ss/15,"[['people', 'the', 'hub', 'uea']]"
https://portal.uea.ac.uk/en/people/profile/list/all/q,"[['people', 'the', 'hub', 'uea']]"
https://portal.uea.ac.uk/uss/intranet/training,"[['training', 'uea']]"
https://portal.uea.ac.uk/research,"[['research', 'uea']]"
https://portal.uea.ac.uk/student-support-service/policies,"[['policies', 'uea']]"
https://portal.uea.ac.uk/arm/the-uea-plan/introduction,"[['introducing', 'uea', 'plan', 'for', 'the', 'future', 'uea']]"
https://portal.uea.ac.uk/arm/marketing/multimedia,"[['multimedia', 'uea']]"
https://portal.uea.ac.uk/learning-and-teaching/students/exams/help-in-studying,"[['help', 'in', 'studying', 'uea']]"
https://portal.uea.ac.uk/staff-mobility/agreed-teaching-staff-links,"[['agreed', 'teaching', 'staff', 'links', 'uea']]"
https://portal.uea.ac.uk/estates/help-centre/latest-news/-/asset_publisher/4y6W3ljN9SEH/content/christmas-fare,"[['uea', 'catering', 'presents', 'christmas', 'fare', 'latest', 'news', 'uea']]"
https://portal.uea.ac.uk/faculty-school-intranets/sci-intranet/health-and-safety,"[['health', 'and', 'safety', 'uea']]"
https://portal.uea.ac.uk/people/profile/list/all/pp/4,"[['people', 'the', 'hub', 'uea']]"
https://portal.uea.ac.uk/postgraduate-research/pgr-regulations-and-forms/cotutelle-agreements,"[['pgr', 'co', 'tutelle', 'agreements', 'uea']]"
https://portal.uea.ac.uk/estates/space-management/moves-management,"[['moves', 'management', 'uea']]"
https://portal.uea.ac.uk/people/profile/list/all/r,"[['people', 'the', 'hub', 'uea']]"
https://portal.uea.ac.uk/faculty-school-intranets/fmh-intranet,"[['faculty', 'of', 'medicine', 'and', 'health', 'sciences', 'intranet', 'uea']]"
https://portal.uea.ac.uk/faculty-school-intranets/sci-intranet/facilities/fermentation-and-bioenergy,"[['fermentation', 'and', 'bioenergy', 'uea']]"
https://portal.uea.ac.uk/en/finance/vat,"[['vat', 'guidance', 'uea']]"
https://portal.uea.ac.uk/information-services/strategy-planning-and-compliance/regulations-and-policies/information-regulations-and-policies/freedom-of-information/publication-scheme,"[['publication', 'scheme', 'uea']]"
https://portal.uea.ac.uk/is/online-wiki-helpdesk/-/wiki/tag/ics,"[['online', 'wiki', 'helpdesk', 'uea']]"
https://portal.uea.ac.uk/procurement/news,"[['procurement', 'news', 'uea']]"
https://portal.uea.ac.uk/faculty-school-intranets/sci-intranet/school-specific/cap,"[['chemistry', 'pharmacy', 'uea']]"
https://portal.uea.ac.uk/nursery/what-do-we-eat,"[['what', 'do', 'we', 'eat', 'uea']]"
https://portal.uea.ac.uk/information-services/strategy-planning-and-compliance/regulations-and-policies/information-regulations-and-policies/data-protection,"[['data', 'protection', 'uea']]"
https://portal.uea.ac.uk/arm/campus-news/staff/vc-message,"[['vc', 'message', 'uea']]"
https://portal.uea.ac.uk/is/online-wiki-helpdesk/-/wiki/Main/Advice+about+Laptops+and+Personal+Computers+Repairs,"[['advice', 'about', 'laptops', 'and', 'personal', 'computers', 'repairs', 'online', 'wiki', 'helpdesk', 'uea']]"
https://portal.uea.ac.uk/planningoffice/biu/reporting/cant-find-it/topic,"[['topic', 'uea']]"
https://portal.uea.ac.uk/csed/resources/creativity,"[['creativity', 'courses', 'uea']]"
https://portal.uea.ac.uk/procurement/news/-/asset_publisher/hAjzpAtGibxQ/blog/how-to-buy-goods-and-services-sustainably,"[['how', 'to', 'buy', 'goods', 'and', 'services', 'sustainably', 'procurement', 'news', 'uea']]"
https://portal.uea.ac.uk/is/online-wiki-helpdesk/-/wiki/Main/Adding+an+Exchange+Account+to+Mac+Mail,"[['adding', 'an', 'exchange', 'account', 'to', 'mac', 'mail', 'online', 'wiki', 'helpdesk', 'uea']]"
https://portal.uea.ac.uk/en/finance/transparency,"[['transparency', 'review', 'and', 'full', 'economic', 'costing', 'uea']]"
https://portal.uea.ac.uk/library/borrowing/reservations,"[['reservations', 'uea']]"
https://portal.uea.ac.uk/student-support-service/wellbeing/,"[['wellbeing', 'uea']]"
https://portal.uea.ac.uk/home/business-intelligence-unit,"[['business', 'intelligence', 'unit', 'uea']]"
https://portal.uea.ac.uk/en/people/profile/list/all/a/7,"[['people', 'the', 'hub', 'uea']]"
https://portal.uea.ac.uk/learning-and-teaching/staff/teaching/teaching-fellowships/selection-criteria,"[['selection', 'criteria', 'uea']]"
https://portal.uea.ac.uk/arm/UEA-vision,"[['our', 'vision', 'for', 'success', 'in', 'uea']]"
https://portal.uea.ac.uk/en/human-resources,"[['human', 'resources', 'uea']]"
https://portal.uea.ac.uk/buyers-guide/vehicle-hire,"[['sign', 'in']]"
https://portal.uea.ac.uk/learning-and-teaching/programme-specifications/che,"[['chemistry', 'uea']]"
https://portal.uea.ac.uk/itservices/help/training,"[['training', 'uea']]"
https://portal.uea.ac.uk/estates/estates-new-homepage/maintenance/how-to-report-a-job,"[['how', 'to', 'report', 'a', 'fault', 'uea']]"
https://portal.uea.ac.uk/uss/intranet/safety-subjects/display/assessors,"[['departmental', 'display', 'screen', 'assessors', 'uea']]"
https://portal.uea.ac.uk/information-services/strategy-planning-and-compliance/regulations-and-policies/it-regulations-and-policies/usage-policies/eduroam,"[['eduroam', 'acceptable', 'use', 'policy', 'and', 'conditions', 'of', 'use', 'uea']]"
https://portal.uea.ac.uk/dos/disability,"[['disability', 'uea']]"
https://portal.uea.ac.uk/people/profile/list/all/ss/17,"[['people', 'the', 'hub', 'uea']]"
https://portal.uea.ac.uk/en/resnet/terms-of-reference,"[['terms', 'of', 'reference', 'uea']]"
https://portal.uea.ac.uk/learning-and-teaching/students/advice-on-difficulties/fitness-to-practice,"[['fitness', 'to', 'practise', 'uea']]"
https://portal.uea.ac.uk/finance/payroll/pensions,"[['pensions', 'uea']]"
https://portal.uea.ac.uk/people/profile/list/all/aa/4,"[['people', 'the', 'hub', 'uea']]"
https://portal.uea.ac.uk/procurement/news/-/asset_publisher/hAjzpAtGibxQ/blog/print-management-audit-findings,"[['print', 'management', 'audit', 'findings', 'procurement', 'news', 'uea']]"
https://portal.uea.ac.uk/people/profile/list/all/a,"[['people', 'the', 'hub', 'uea']]"
https://portal.uea.ac.uk/student-support-service/wellbeing/disability/links-to-useful-resources,"[['links', 'to', 'useful', 'resources', 'uea']]"
https://portal.uea.ac.uk/arm/campus-news/staff/vc-message/-/asset_publisher/4CCAyb1MD9St/content/october-message-to-staff,"[['october', 'message', 'to', 'staff', 'vc', 'message', 'uea']]"
https://portal.uea.ac.uk/finance/payroll/gift-aid,"[['gift', 'aid', 'and', 'give', 'as', 'you', 'earn', 'uea']]"
https://portal.uea.ac.uk/en/people/profile/list/all/t,"[['people', 'the', 'hub', 'uea']]"
https://portal.uea.ac.uk/csed/uea-technicians-forum,"[['uea', 'technicians', 'forum', 'uea']]"
https://portal.uea.ac.uk/student-support-service/learning-enhancement/study-resources/plagiarism/overview,"[['plagiarism', 'awareness', 'overview', 'uea']]"
https://portal.uea.ac.uk/estates/building-management,"[['building', 'management', 'uea']]"
https://portal.uea.ac.uk/estates/help-centre/latest-news/-/asset_publisher/4y6W3ljN9SEH/blog/residence-heating-guide-nelson-court-constable-terrace,"[['residence', 'heating', 'guide', 'nelson', 'court', 'constable', 'terrace', 'latest', 'news', 'uea']]"
https://portal.uea.ac.uk/en/finance/yearend,"[['year', 'end', 'procedures', 'uea']]"
https://portal.uea.ac.uk/en/faculty-school-intranets/fmh-intranet/ethics-committee,"[['faculty', 'research', 'ethics', 'committee', 'uea']]"
https://portal.uea.ac.uk/learning-and-teaching/staff/new-staff/committees,"[['guide', 'to', 'committees', 'uea']]"
https://portal.uea.ac.uk/people/profile/list/all/kk/4,"[['people', 'the', 'hub', 'uea']]"
https://portal.uea.ac.uk/arm/uea-vision/a-new-world-of-success,"[['a', 'new', 'world', 'of', 'success', 'uea']]"
https://portal.uea.ac.uk/vco/intranet,"[['intranet', 'uea']]"
https://portal.uea.ac.uk/is/online-wiki-helpdesk/-/wiki/Main/Add+a+user+and+modify+their+role+on+Blackboard,"[['add', 'a', 'user', 'and', 'modify', 'their', 'role', 'on', 'blackboard', 'online', 'wiki', 'helpdesk', 'uea']]"
https://portal.uea.ac.uk/information-services/strategy-planning-and-compliance/regulations-and-policies/information-regulations-and-policies/data-protection/privacy-and-electronic-communications-regulations,"[['privacy', 'and', 'electronic', 'communications', 'regulations', 'uea']]"
https://portal.uea.ac.uk/uss/intranet/safety-subjects/driving,"[['driving', 'at', 'work', 'uea']]"
https://portal.uea.ac.uk/learning-and-teaching/docs/students,"[['students', 'uea']]"
https://portal.uea.ac.uk/planningoffice/sro,"[['student', 'records', 'office', 'uea']]"
https://portal.uea.ac.uk/itservices/facilities,"[['it', 'services', 'uea']]"
https://portal.uea.ac.uk/learning-technology/help/ars,"[['audience', 'response', 'systems', 'uea']]"
https://portal.uea.ac.uk/web/hub/arm/uea-vision,"[['our', 'vision', 'for', 'success', 'in', 'uea']]"
https://portal.uea.ac.uk/people/profile/list/all/j,"[['people', 'the', 'hub', 'uea']]"
https://portal.uea.ac.uk/planningoffice/kis,"[['kis', 'key', 'information', 'sets', 'uea']]"
https://portal.uea.ac.uk/student-support-service/learning-enhancement/study-resources/revision-exams,"[['revision', 'and', 'exams', 'uea']]"
https://portal.uea.ac.uk/information-services/strategy-planning-and-compliance/regulations-and-policies/information-regulations-and-policies/freedom-of-information/contact,"[['contact', 'uea']]"
https://portal.uea.ac.uk/student-support-service/living-on-and-off-campus,"[['living', 'on', 'and', 'off', 'campus', 'uea']]"
https://portal.uea.ac.uk/uss/intranet/safety-subjects/fire/training,"[['fire', 'safety', 'training', 'uea']]"
https://portal.uea.ac.uk/learning-and-teaching/students/studying/extenuating-circumstances,"[['extenuating', 'circumstances', 'uea']]"
https://portal.uea.ac.uk/estates/access-and-security/campus-safety/runhidetell,"[['stay', 'safe', 'uea']]"
https://portal.uea.ac.uk/student-support-service/disability,"[['disability', 'uea']]"
https://portal.uea.ac.uk/web/hub/library/archives,"[['archives', 'uea']]"
https://portal.uea.ac.uk/library/special-collections,"[['special', 'collections', 'uea']]"
https://portal.uea.ac.uk/people/profile/list/all/aa/12,"[['people', 'the', 'hub', 'uea']]"
https://portal.uea.ac.uk/library/archives/science-scientific-writing,"[['science', 'scientific', 'writing', 'uea']]"
https://portal.uea.ac.uk/information-services/strategy-planning-and-compliance/regulations-and-policies/information-regulations-and-policies/data-protection/requests-for-personal-information,"[['requests', 'for', 'personal', 'information', 'uea']]"
https://portal.uea.ac.uk/learning-and-teaching/jargon-buster,"[['jargon', 'buster', 'uea']]"
https://portal.uea.ac.uk/learning-technology/centre-for-technology-enhanced-learning/feedback-fridays,"[['feedback', 'fridays', 'uea']]"
https://portal.uea.ac.uk/en/people/profile/list/all/a/8,"[['people', 'the', 'hub', 'uea']]"
https://portal.uea.ac.uk/procurement/policies-and-strategy,"[['policies', 'and', 'strategy', 'uea']]"
