0,portal.uea.ac.uk/csed/learning-and-teaching1/uea-writing-cafe-platform-hootsuite
1,portal.uea.ac.uk/en/csed/learning-and-teaching1/uea-writing-cafe-platform-hootsuite
2,portal.uea.ac.uk/csed/learning-and-teaching1/uea-writing-cafe
3,portal.uea.ac.uk//csed/learning-and-teaching1/uea-writing-cafe
4,portal.uea.ac.uk/en/csed/learning-and-teaching1/uea-writing-cafe
5,portal.uea.ac.uk/itservices/corporate-systems/administrative/reporting/shared-dimensions/time-dim_time-
6,portal.uea.ac.uk/planningoffice/sro/council-tax/part-time-students
7,portal.uea.ac.uk/en/planningoffice/sro/council-tax/part-time-students
8,portal.uea.ac.uk/csed/learning-and-teaching1/teachmeets
9,portal.uea.ac.uk/postgraduate-research/postgraduate-research-personal-and-professional-development-module-catalogue
