0,portal.uea.ac.uk/web/hub/estates/travel-and-transport/by-car/parking-for-staff
1,portal.uea.ac.uk/en/estates/travel-and-transport/by-car/parking-for-staff
2,portal.uea.ac.uk/estates/travel-and-transport/by-car/parking-for-students
3,portal.uea.ac.uk/en/estates/travel-and-transport/by-car/parking-for-students
4,portal.uea.ac.uk/estates/travel-and-transport/by-car/parking-for-visitors
5,portal.uea.ac.uk/web/hub/estates/travel-and-transport/by-car/parking-for-visitors
6,portal.uea.ac.uk/en/estates/travel-and-transport/by-car/parking-for-visitors
7,portal.uea.ac.uk/estates/travel-and-transport/by-car/parking-for-contractors
8,portal.uea.ac.uk/en/estates/travel-and-transport/by-car/parking-for-contractors
9,portal.uea.ac.uk/estates/travel-and-transport/by-car/parking-for-staff
10,portal.uea.ac.uk/estates/travel-and-transport/traffic-enforcement
11,portal.uea.ac.uk/en/estates/travel-and-transport/traffic-enforcement
12,portal.uea.ac.uk/estates/travel-and-transport/by-car/about-us-parking-for-visitors
13,portal.uea.ac.uk/en/estates/travel-and-transport/by-car/about-us-parking-for-visitors
14,portal.uea.ac.uk/estates/travel-and-transport/by-car/accessible-parking
15,portal.uea.ac.uk/en/estates/travel-and-transport/by-car/accessible-parking
16,portal.uea.ac.uk/web/hub/estates/travel-and-transport/by-car/parking-invited-guests
17,portal.uea.ac.uk/en/estates/travel-and-transport/by-car/parking-invited-guests
18,portal.uea.ac.uk/estates/events-and-activities/parking
19,portal.uea.ac.uk/en/estates/events-and-activities/parking
20,portal.uea.ac.uk/estates/travel-and-transport/by-car
21,portal.uea.ac.uk/en/estates/travel-and-transport/by-car
22,portal.uea.ac.uk/student-support-service/wellbeing/disability/concessions-for-parking-on-campus
23,portal.uea.ac.uk/en/student-support-service/wellbeing/disability/concessions-for-parking-on-campus
24,portal.uea.ac.uk/web/hub/staffassociation/members-discounts/discount-list/airport
25,portal.uea.ac.uk/staffassociation/members-discounts/discount-list/airport
26,portal.uea.ac.uk/estates/travel-and-transport/bob-champion-building
27,portal.uea.ac.uk/en/estates/travel-and-transport/bob-champion-building
28,portal.uea.ac.uk/graduationoffice/summer-graduation/parking-and-accommodation
29,portal.uea.ac.uk/en/graduationoffice/summer-graduation/parking-and-accommodation
30,portal.uea.ac.uk/web/hub/estates/travel-and-transport/by-car/smartshare-car-sharing
31,portal.uea.ac.uk/estates/travel-and-transport/by-car/smartshare-car-sharing
32,portal.uea.ac.uk/en/estates/travel-and-transport/by-car/smartshare-car-sharing
33,portal.uea.ac.uk/estates/help-centre/faqs-questions
34,portal.uea.ac.uk/web/hub/estates/help-centre/faqs-questions
35,portal.uea.ac.uk/estates/travel-and-transport/graduation-2017-travel/graduation-disabled-parking-request
36,portal.uea.ac.uk/estates/travel-and-transport/by-car/car-security
37,portal.uea.ac.uk/en/estates/travel-and-transport/by-car/car-security
38,portal.uea.ac.uk/web/hub/staffassociation/members-discounts/discount-list/parking
39,portal.uea.ac.uk/staffassociation/members-discounts/discount-list/parking
40,portal.uea.ac.uk/web/hub/estates/travel-and-transport/by-car/about-us-parking-for-visitors/main-car-park
41,portal.uea.ac.uk/estates/travel-and-transport/by-car/about-us-parking-for-visitors/main-car-park
42,portal.uea.ac.uk/en/estates/travel-and-transport/by-car/about-us-parking-for-visitors/main-car-park
43,portal.uea.ac.uk/estates/travel-and-transport/by-car/pay-as-you-go-driving
44,portal.uea.ac.uk/en/estates/travel-and-transport/by-car/pay-as-you-go-driving
45,portal.uea.ac.uk/estates/travel-and-transport/by-bike/cycle-parking
46,portal.uea.ac.uk/en/estates/travel-and-transport/by-bike/cycle-parking
47,portal.uea.ac.uk/estates/events-and-activities/events
48,portal.uea.ac.uk/en/estates/events-and-activities/events
49,portal.uea.ac.uk/web/about/visiting-staying/getting-here/parking-for-visitors
50,portal.uea.ac.uk/estates/travel-and-transport/by-bike
51,portal.uea.ac.uk/web/hub/estates/travel-and-transport/by-bike
52,portal.uea.ac.uk/en/estates/travel-and-transport/by-bike
53,portal.uea.ac.uk/estates/help-centre/maps
54,portal.uea.ac.uk/estates/travel-and-transport/graduation-2017-travel
55,portal.uea.ac.uk/student-support-service/wellbeing/disability/whilst-you-are-here
56,portal.uea.ac.uk/en/student-support-service/wellbeing/disability/whilst-you-are-here
57,portal.uea.ac.uk/estates/travel-and-transport/by-bike/locked-cycle-compounds
58,portal.uea.ac.uk/web/hub/estates/travel-and-transport/by-bike/locked-cycle-compounds
59,portal.uea.ac.uk/en/estates/travel-and-transport/by-bike/locked-cycle-compounds
60,portal.uea.ac.uk/vco/intranet/blog/-/asset_publisher/MczyAK1PrPOt/content/a-senseless-and-cruel-act
61,portal.uea.ac.uk/en/vco/intranet/blog/-/asset_publisher/MczyAK1PrPOt/content/a-senseless-and-cruel-act
62,portal.uea.ac.uk/estates/events-and-activities
63,portal.uea.ac.uk/en/estates/events-and-activities
64,portal.uea.ac.uk/estates/travel-and-transport/by-bike/cycle-security
65,portal.uea.ac.uk/en/estates/travel-and-transport/by-bike/cycle-security
66,portal.uea.ac.uk/web/about/visiting-staying/getting-here/parking-for-visitors/main-car-park
67,portal.uea.ac.uk/help-centre/getting-around-campus
68,portal.uea.ac.uk/information-services/strategy-planning-and-compliance/regulations-and-policies/information-regulations-and-policies/freedom-of-information/disclosure-log/estates-and-building-matters/2017
69,portal.uea.ac.uk/en/information-services/strategy-planning-and-compliance/regulations-and-policies/information-regulations-and-policies/freedom-of-information/disclosure-log/estates-and-building-matters/2017
70,portal.uea.ac.uk/web/about/visiting-staying/getting-here
71,portal.uea.ac.uk/en/graduationoffice/summer-graduation/special-requirements
72,portal.uea.ac.uk/student-support-service/wellbeing/disability/whilst-you-are-here/temporary-mobility-difficulties
73,portal.uea.ac.uk/en/student-support-service/wellbeing/disability/whilst-you-are-here/temporary-mobility-difficulties
74,portal.uea.ac.uk/graduationoffice/summer-graduation/celebratory-reception
75,portal.uea.ac.uk/en/graduationoffice/summer-graduation/celebratory-reception
76,portal.uea.ac.uk/campus-home
77,portal.uea.ac.uk/estates/events-and-activities/charity-collections
78,portal.uea.ac.uk/estates/travel-and-transport/-/asset_publisher/Tr4J1aZA2DXu/content/main-car-park-closure
79,portal.uea.ac.uk/en/estates/travel-and-transport/-/asset_publisher/Tr4J1aZA2DXu/content/main-car-park-closure
80,portal.uea.ac.uk/new-students/postgraduate-researchers/arriving-at-uea
81,portal.uea.ac.uk/graduationoffice/summer-graduation
82,portal.uea.ac.uk/en/graduationoffice/summer-graduation
83,portal.uea.ac.uk/estates/events-and-activities/leaflets-and-posters
84,portal.uea.ac.uk/graduationoffice/summer-graduation/special-requirements
85,portal.uea.ac.uk/graduationoffice/summer-graduation/on-the-day
86,portal.uea.ac.uk/en/graduationoffice/summer-graduation/on-the-day
87,portal.uea.ac.uk/uea-retirement-association/events/walks
88,portal.uea.ac.uk/web/hub/uea-retirement-association/events/walks
89,portal.uea.ac.uk/estates/travel-and-transport/by-bike/locked-cycle-compounds/zicer-lockers
90,portal.uea.ac.uk/arm/alumni-conferences-and-events/conferences
91,portal.uea.ac.uk/en/arm/alumni-conferences-and-events/conferences
92,portal.uea.ac.uk/information-services/strategy-planning-and-compliance/regulations-and-policies/information-regulations-and-policies/freedom-of-information/disclosure-log/estates-and-building-matters/2013-14
93,portal.uea.ac.uk/en/information-services/strategy-planning-and-compliance/regulations-and-policies/information-regulations-and-policies/freedom-of-information/disclosure-log/estates-and-building-matters/2013-14
94,portal.uea.ac.uk/student-support-service/wellbeing/disability/advice-and-support-for-extenuating-circumstances
95,portal.uea.ac.uk/en/student-support-service/wellbeing/disability/advice-and-support-for-extenuating-circumstances
96,portal.uea.ac.uk/estates/travel-and-transport/by-bike/local-cycle-routes
97,portal.uea.ac.uk/en/estates/travel-and-transport/by-bike/local-cycle-routes
98,portal.uea.ac.uk/estates/travel-and-transport/by-bike/bike-maintenance/cycle-purchase-scheme
99,portal.uea.ac.uk/en/estates/travel-and-transport/by-bike/bike-maintenance/cycle-purchase-scheme
